id,source_company,source_review_id,author,rating,date,verbatim,model_suggested_label,model_confidence,manual_label,label_confidence,issue_type,is_mixed,justification_courte
1734,www.darty.com,4,Pierre Berthelier,1,Il y a 9 heures,DARTY une seule fois et une fois de trop arnaques avec le payement en 3 fois il vous impose une société de crédit Sofinco et vous font un crédit renouvelable avec une carte de crédit que vous devez payer la honte pour DARTY moi j'appelle ça de l'arnaque,Négatif,0.93,Négatif,Haute,Paiement / crédit,false,Avis négatif: arnaque perçue et crédit imposé.
1735,www.darty.com,5,Maxence Furnon,1,Il y a un jour,"Très mauvaise expérience avec Darty pour une souscription fibre Bouygues.

Le vendeur nous a affirmé à plusieurs reprises que les 48€ de frais de mise en service seraient remboursés. Nous avons pourtant bien précisé que nous emménagions dans un nouveau logement et que nous n’avions donc aucun ancien numéro fixe à conserver.

Après souscription, Bouygues refuse finalement le remboursement sous prétexte qu’il fallait faire une portabilité du numéro fixe… chose impossible dans notre situation et jamais clairement expliquée par le vendeur.

Résultat : Darty renvoie vers Bouygues, Bouygues renvoie vers Darty, et au final le client se fait balader pendant des heures pour 48€ promis au moment de la vente.

J’ai surtout l’impression qu’on m’a dit ce qu’il fallait pour me faire signer le contrat, sans transparence sur les vraies conditions de l’offre.

Très déçu du manque de sérieux et du service après-vente.",Négatif,0.95,Négatif,Haute,Souscription fibre / remboursement,false,Avis négatif: promesse de remboursement non tenue.
1736,www.darty.com,6,thierry hette,1,Il y a un jour,"A fuite 55€ pour livraison instalation on vous dit que le robinet et défectueux et refuse l'installation alors que le soir même j ai du installer moi même la machine à laver bande d incapable il chercher une excuse et ce barre sans installer
Je doit acheter un sèche linge j irait sur le Web au moi il n y a pas de service mais ce beaucoup moins cher",Négatif,0.94,Négatif,Haute,Livraison / installation,false,Avis négatif: installation refusée et service jugé incapable.
1737,www.darty.com,7,Jean-Paul,1,Il y a un jour,"Vendeurs en magasin incompétent service client lamentable - Vendeurs en magasin incompétents, service client lamentable !!
Aucun moyen de s'arranger quand on est mécontent, alors que j'étais un bon client qui achetait tout dans leurs magasins !!!
Je déconseille, fuyez !!!",Négatif,0.9,Négatif,Haute,Service client,false,Avis négatif: vendeurs et service client critiqués.
1738,www.darty.com,8,Ducoin,1,ll y a 2 jours,Attention si vous avez un appareil en panne chez DARTY - J ai acheté un four en mars 2025 donc encore garanti la porte du four ne se ferme plus j ai téléphoné ils ne se déplacent pas il faut le faire en Visio je lui dis que je suis insensible du côté gauche suite rupture d anévrisme il n a meme pas répondu sauf bon on va commencer j ai raccroché j ai annulé Darty max c est honteux si par hasard ça crée un autre problème on va me répondre que c est moi qui l ai causé fini les marques je préfère acheter chez electro depot moins cher ainsi que l extension de garantie plus que déçue,Négatif,0.93,Négatif,Haute,SAV / garantie,false,Avis négatif: prise en charge SAV jugée honteuse.
1739,www.darty.com,9,catherine z,1,ll y a 2 jours,"SAV lamentable
Darty max est une grosse arnaque
Incompétence totale",Négatif,0.89,Négatif,Haute,SAV / Darty Max,false,Avis négatif: SAV et abonnement qualifiés d’arnaque.
1740,www.darty.com,10,Wolff Michele,1,ll y a 2 jours,"Darty contrat de confiance ??!! - J’ai commandé un lave vaisselle neuf qui m’a été livré le 13 mai.
Le 17, j’ai voulu le mettre en marche mais impossible, code erreur. J’ai donc appelé le SAV lundi 18 mai et la personne a essayé de le dépanner par téléphone mais en vain.
Nouveau rdv téléphonique fixé ce jour 20 mai entre 12 et 13 heures pour savoir si le technicien avait décidé de le changer ou de le réparer. J’ai attendu l’appel et j’ai fini par les appeler, l’heure n’étant absolument pas respectée.
Nouveau diagnostic avec un technicien au bout du fil qui m’affirme que le code erreur A 10 n’existe pas sur mon lave-vaisselle. Preuve à l’appui avec la visio, il a finalement pris une photo.
Un réparateur devait me rappeler ce jour pour convenir d’un rendez-vous, j’attends toujours l’appel.
Lorsque je suis allée chez Darty pour passer la commande,j’étais pratiquement la seule cliente dans le magasin à Saint-Georges des coteaux.
Y aurait t’il un lien avec le dysfonctionnement du « service Après -vente » ?",Négatif,0.95,Négatif,Haute,SAV / produit défectueux,false,Avis négatif: lave-vaisselle neuf en panne et suivi SAV insuffisant.
1741,www.darty.com,11,Chermette Charles,1,ll y a 2 jours,"Pratiques illégales, mensonges et tentative de vol sur Darty Marketplace ! - Expérience scandaleuse. J'achète un réfrigérateur qui m'est livré cassé. Sans oublier le mensonge de Darty au moment de l’achat qui promettait l'inversion de porte uniquement pour pousser à la vente !

Le vendeur (""NouveauxMarchands"") m'annonce ensuite qu'il est en rupture de stock et refuse de me livrer le produit payé. Après une semaine de silence total, ils osent me proposer un remboursement avec une DÉCOTE DE 10% (soit 43,87 € retenus) pour 'frais de retour' !

C’est totalement illégal en droit français (Article L217-4 Code de la Conso) d'imputer des frais de retour au client pour un produit livré endommagé. Darty laisse ses vendeurs partenaires arnaquer les clients en toute impunité. Fuyez la Marketplace Darty !",Négatif,0.95,Négatif,Haute,Marketplace / produit cassé,false,"Avis négatif: produit livré cassé, vendeur en rupture et litige."
1742,www.darty.com,12,celine l,1,ll y a 3 jours,"produit qui ne fonctionne pas correctement - Les commandes sont tactiles et guère performantes, il faut s'y reprendre plusieurs fois pour que ca fonctionne, C'est une grosse déception car à ce prix là ... et nous allons l avoir quelques années malheureusement",Négatif,0.89,Négatif,Haute,Produit défectueux,false,Avis négatif: produit ne fonctionne pas correctement.
1743,www.darty.com,13,Paul DVZ,1,ll y a 3 jours,"Le ""Contrat de Confiance"" est du vent- Darty Créteil - Le ""Contrat de Confiance"" est du vent, méthodes malhonnêtes – Darty Créteil

J’ai acheté un réfrigérateur intégrable Liebherr à 1 600 € au Darty Créteil. Pour m'accorder une remise de 120 €, le vendeur m’a fait souscrire à l'abonnement Darty Max, mais en se gardant bien de me dire qu'il était strictement impossible de l'annuler après. Sur leur site internet, ils mettent en avant les fameux ""15 jours pour changer d'avis"", mais c'est l'arbre qui cache la forêt ! En réalité, cette règle ne s'applique ni à Darty Max ni aux objets ouverts achetés en magasin. On vous fait signer un engagement de 12 mois les yeux fermés derrière une réduction commerciale. Leur fameux ""Contrat de Confiance"" est devenu une simple formule marketing, car sur le terrain, la confiance n'existe plus.

Pour couronner le tout, le SAV sur WhatsApp est d'une mauvaise foi incroyable et vous fait tourner en bourrique pendant des heures. Ils répondent à côté, se contredisent d'un message à l'autre et rallongent les délais uniquement pour vous faire perdre du temps et vous décourager. Ils me sortent des arguments lunaires en disant que la remise et la livraison sont associées à Darty Max. Sauf que la livraison standard est gratuite de base pour tout le monde chez Darty pour ce prix-là ! On essaie de me faire passer un service gratuit pour un cadeau pour mieux me coincer.

Le comble du scandale : la prestation d'encastrement dans la niche m'a bien été facturée en plus, mais les livreurs sont repartis sans la faire. Donc Darty encaisse mon argent pour un service qu'ils ne font pas, et utilise des excuses bidons pour me forcer à garder un abonnement inutile.

J'exige le remboursement de l'encastrement fantôme et l'annulation immédiate de Darty Max. Le service réclamation demande encore 6 jours de délai, j'attends leur appel de pied ferme.",Négatif,0.92,Négatif,Haute,Abonnement / pratique commerciale,false,Avis négatif: abonnement souscrit sans information claire.
1744,www.darty.com,14,Philippe,1,ll y a 4 jours,"Bonjour,
J'ai eu affaire à un vendeur pour savoir si il se faisait des embouts d'aspirateur. Je lui donne la marque et me répond qu'il faut allé chez boulanger car c'est leur marque, juste la pas de soucis je comprend bien et lui demande d'allé voir tout de le rayon des pièces détachées. Il me répond ils vous diront comme moi, nous ne vendons plus de pièces détachées depuis 1970, avec une amabilité déconcertante, je suis client chez Darty, ce dernier devrait changé de travail, car avec un accueil des clients comme cela...cela fait fuir.",Négatif,0.94,Négatif,Haute,Accueil magasin,false,Avis négatif: vendeur jugé désagréable et peu aidant.
1745,www.darty.com,15,max,1,ll y a 4 jours,"Livraison annulée à 3 reprises bien que confirmée la veille par mail
Plate-forme de télé opérateur incapable d’expliciter la problématique on doit vous rappeler et personne ne rappelle
Bref y a-t-il un pilote dans l’avion Darty
Et pour faire une réclamation, impossible !",Négatif,0.89,Négatif,Haute,Livraison annulée,false,Avis négatif: livraisons annulées et réclamation impossible.
1746,www.darty.com,16,Abdelhadi,1,ll y a 4 jours,"SAV exécrable - Franchement, je déconseille fortement le SAV de Darty￼ pour les trottinettes électriques.
Leur service après-vente est exécrable : j’ai dû attendre presque deux mois pour récupérer ma trottinette alors que le problème de base était relativement simple. À l’origine, il y avait un souci de garde-boue et le clignotant droit ne fonctionnait plus.

Après une attente interminable, j’ai finalement récupéré la trottinette… mais le clignotant droit ne marchait toujours pas. Donc non seulement les délais sont beaucoup trop longs, mais en plus les réparations sont mal faites. Attendre deux mois pour récupérer un véhicule même pas correctement réparé, c’est totalement inadmissible.

Je suis extrêmement déçu par leur SAV et je ne recommande pas du tout ce service pour la réparation de trottinettes électriques.",Négatif,0.94,Négatif,Haute,SAV,false,Avis négatif: attente longue et réparation jugée mauvaise.
1747,www.darty.com,17,Bonheur,1,ll y a 4 jours,Service client catastrophique A FUIR ! - Service client catastrophique qui refuse de faire déplacer un technicien dont les interlocuteurs ârlent mal le francais et qui laisse leur client sans solution,Négatif,0.89,Négatif,Haute,Service client,false,Avis négatif: service client catastrophique et aucune solution.
1748,www.darty.com,18,oli,1,ll y a 5 jours,"Service après‑vente inexistant.
Expertise réalisée le 31 mars, et depuis : silence total.
Ni Darty, ni l’expert mandaté ne répondent aux relances, alors que le dossier concerne des désordres de pose constatés et reconnus.
Plus de 6 semaines d’attente pour un simple rapport, c’est inadmissible pour une enseigne comme Darty.
Sans réaction rapide, je poursuis via mon assistance juridique.",Négatif,0.9,Négatif,Haute,SAV / expertise,false,Avis négatif: silence après expertise et relances.
1749,www.darty.com,19,Pichon Joel,1,ll y a 6 jours,"Dépannage téléviseur - j'ai acheté un téléviseur Panasonic avec une extension de garantie 5 ans qui m'a été livré le 05/01/2019.
Ayant souscrit le contrat Darty Max Assistance, j'ai fait appel au service de dépannage pour ce téléviseur.
Un technicien s'est déplacé 05/09/2025 pour faire un diagnostic que j'ai du régler.
Ce technicien me dit qu'il s'agit très certainement de la carte d'alimentation au pris de 150€, mais qu'il serait peut être obligé de remplacer les autres cartes électroniques et l'écran. Je me suis vu dans l'obligation de faire appel à un dépanneur plus compétent qui a remplacé les pièces défectueuses,
Aujourd'hui je confirme que mon téléviseur fonctionne parfaitement et que l'ensembles des pièces est encore disponible pour ce modèle,
J'ai fait part de mon problème au service après vente qui devait me rappeler et resté sans retour,
Client Darty de longue date et faisant des achats régulièrement, j'espérais avoir un peu de plus de reconnaissance et plus de sérieux dans le traitement des dossiers Darty Max Assistance que j'ai résilié,",Négatif,0.91,Négatif,Haute,Dépannage / garantie,false,Avis négatif: dépannage inefficace et coûts successifs.
1750,www.darty.com,20,DAVID,1,ll y a 6 jours,"Darty Max : une expérience catastrophique et répétée. Abonnement à éviter. - Ne prenez jamais Darty max.
Je déconseille très fortement .
Dans mon expérience, cet abonnement promet une tranquillité d’esprit qui ne se vérifie absolument pas dans les faits. À chaque demande de réparation, il y a un obstacle : exclusion de garantie, marque non prise en charge, pièce introuvable, impossibilité technique, ou autre motif empêchant toute prise en charge réelle.
J’ai eu plusieurs appareils à faire réparer. Le résultat a toujours été le même : aucune solution concrète, aucune réparation effective, aucune valeur réelle de l’abonnement. Le service donne l’impression d’un dispositif commercial très attractif sur le papier, mais largement inefficace dès qu’il faut réellement intervenir.
À mes yeux, Darty Max s’apparente à une promesse trompeuse : on paie pour une couverture supposée rassurante, mais lorsqu’un problème survient, les limitations et exclusions rendent le service quasiment inutilisable.
Je regrette profondément d’avoir souscrit cet abonnement. Au vu de mes expériences répétées, je recommande aux clients potentiels de bien réfléchir avant de s’engager, de lire toutes les exclusions, et de ne surtout pas se fier aux promesses générales mises en avant lors de la souscription.
Pour ma part, je considère Darty Max comme une très mauvaise expérience client, coûteuse, frustrante, et très éloignée de ce qui est présenté commercialement.",Négatif,0.92,Négatif,Haute,Darty Max,false,Avis négatif: abonnement déconseillé et réparations bloquées.
1751,www.darty.com,21,a plaser,1,ll y a 6 jours,"Attention Marketplace - Avis aux consommateurs ! Acheter sur la Marketplace @Darty, c'est jouer à la roulette russe avec votre argent.
​Mon vendeur a quitté la plateforme ? Darty refuse d'assumer la Garantie Légale de Conformité et m'ampute de 60 € sur mon remboursement ! Leur ""Contrat de Confiance"" s'arrête là où leurs responsabilités commencent. Ne vous faites pas avoir : si le vendeur disparaît, Darty vous abandonne. #Darty #SAV #Arnaque #Consommation »Darty Marketplace : l'art de transformer une garantie légale en ""geste commercial"" au rabais.
​Ils encaissent la commission, mais quand le vendeur s'évapore, c'est le client qui trinque. 60% de retenue illégale sur un produit défectueux ! Leur SAV n'est plus que l'ombre de lui-même. Si vous voulez une vraie garantie, n'achetez pas chez eux.",Négatif,0.95,Négatif,Haute,Marketplace / remboursement,false,Avis négatif: garantie et remboursement contestés.
1752,www.darty.com,22,Stephane Rouveyrol,1,ll y a 7 jours,"Immense déception concernant le service Darty Max.
Après avoir commandé deux téléviseurs ainsi qu’un pied TV, avec une prestation de livraison et d’installation incluse, Darty a décidé — sans aucune information préalable — de fractionner la livraison en plusieurs passages.
La première livraison s’est correctement déroulée avec la mise en service du premier téléviseur. En revanche, la seconde livraison, concernant le deuxième téléviseur et le pied TV, est arrivée avec 48 heures de retard et sans aucune installation ni mise en service, malgré le service pourtant facturé.
Le 15 mai, après 17 minutes d’appel avec le service client (entre 19h40 et 19h57), la personne en charge du dossier m’a expliqué que ma demande de mise en service n’était “pas légitime”.
Je trouve cette gestion particulièrement décevante, tant sur le manque d’information que sur l’absence de considération du service vendu au client.
Je déconseille fortement l’abonnement au service Darty Max au vu de cette expérience.",Négatif,0.93,Négatif,Haute,Livraison / installation,false,Avis négatif: livraison fractionnée et installation non réalisée.
1753,www.darty.com,23,david teruzzi,1,ll y a 7 jours,"FUYEZ Darty et Darty Max - Client Darty Max mon lavelinge est en panne depuis la mi decémbre 25 (et nous sommes mi-mai 26) Entre temps j'ai eu une explication différente de la panne à chaque nouvelle intervention technique! Darty 100% débutants. En plus chez eux aucun interlocuteur n'est décisionnaire. Tout le monde nous dit ""à mon niveau je ne peux pas faire plus..."" Six mois de réparation tentées sans succès !",Négatif,0.92,Négatif,Haute,SAV / réparation,false,Avis négatif: lave-linge en panne depuis plusieurs mois.
1754,www.darty.com,28,Raymond P.,2,Actualisé il y a 7 heures,"Lamentable - Bonjour.
Panne du frigo américain Haeir.
Affichage aléatoire des températures, mais tout fonctionnait a 70%, suite à l'intervention du technicien, odeur de court circuit, PLUS RIEN NE FONCTIONNE, des explications du technicien n'importe quoi sur la panne, prendre le client pour un idiot, prix de ""l'intervention SABOTEE"" 85€. Darty des techniciens nuls et incapables, Il fonctionnait à peu près, congélateur OK -18C Ventilation Congélateur OK .
Frigo température aléatoire +04 a +18° C sans ventilation. Il a démonté la partie congélateur ????
Tout a été remis en place, rebranché mais un bruit bizarre à l'arrière et PLUS RIEN NE FONCTIONNE !
Il n'as pas cherché à comprendre mais à présenté la facture 85€ IMPEC ! Donc la Pub de Darty pour le SAV est plus ou moins mensongère qu'ils emploi des techniciens capables, UN DESASTRE.
Obligé de commander un nouveau Frigo américain. MERCI le nul du SAV DARTY.",Négatif,0.88,Négatif,Haute,SAV / réparation,false,Avis négatif: intervention jugée catastrophique.
1755,www.darty.com,29,Isabelle,2,Il y a 17 heures,"Très déçue. Je n’y retournerais pas. - Cliente avec ma maman depuis plusieurs années. Bon client d’ailleurs, je viens acheter une cafetière , urgemment vu que la mienne m’a lâché. Je demande à un vendeur celle que je souhaite. Il me dit je n’en ai pas actuellement je vous la commande ou je peux vous vendre celle en expo. Je lui explique que j’en ai besoin urgemment, vu que c’est celle d’expo je demande un petit geste. on me répond non au pire vous attendez 2 jours pour la recevoir au magasin. Il me dirige vers un autre vendeur pour le ticket de caisse avant l’encaissement. Je réitère ma demande. On me répond non il doit déjà avoir une promotion car ça fini par « 5 » (95€95) 😒😒. Alors me voilà à payer la somme neuf alors que c’était l’expo. Très déçue vraiment. Je n’y retournerai plus. Il m’aurais baissé que de 5€ c’était un geste je ne demandais pas grand chose. 😡😡",Négatif,0.96,Négatif,Haute,Expérience magasin,false,Avis négatif: geste commercial refusé et forte déception.
1756,www.darty.com,30,garcia,2,ll y a 5 jours,"Délai de livraison - Bonjour,
Cela fait 15 jrs que j’ai commandé un article, et ça fait 15 jrs qu’il y’a écrit sur le suivi de commande : en préparation.
Je ne comprends pas comment on peut mettre autant de temps pour faire un colis et l’envoyer. Et donc… toujours pas livré 😬",Négatif,0.92,Négatif,Haute,Délai de livraison,false,Avis négatif: commande en préparation depuis 15 jours.
1757,www.darty.com,31,Sophie ZIEGLER,2,14 mai 2026,"Cela fait 1 an et demi que j'ai acheté une machine à laver INDESIT chez DARTY et j'ai dejà eu trois fuites d'eau et a chaque fois les techniciens qui viennent me disent que ce n'est rien juste un boulon à resserer. si c'était le cas, je n aurai pas de grosses fuites d eau tous les 4 mois avec le même appareil et qui fuit toujours au même endroit. En plus, cela fait de gros dégats dans mon sous sol. J'attends le retour du responsable SAV qui doit me dire si ils sont d'accord de changer ma machine a laver qui est TOUJOURS SOUS GARANTIE.",Négatif,0.92,Négatif,Haute,Produit défectueux / SAV,false,Avis négatif: pannes répétées et dégâts.
1758,www.darty.com,32,Florence,2,7 mai 2026,"Service client Darty ? Que du blabla - Je suis cliente de cette enseigne depuis près de 50 ans et, suite à un incident récent avec un employé du SAV qui s'est montré insultant et humiliant à mon égard et qui, de plus, a refusé de prendre en charge mon matériel (alors que j'étais abonnée Darty Max), j'ai signalé l'incident qui m'a quand même un peu traumatisée au service client par téléphone qui m'a assuré qu'il me rencontacterait. Aucune suite ! J'ai donc envoyé un courrier au SAV Darty de Limonest où j'explicais le problème il y a maintenant près d'un mois : aucune réaction, aucune réponse. Attitude aussi humiliante que celle de leur employé. Je comprends pourquoi quand on sait que l'exemple vient d'en haut. Bref, Darty et son soi-disant service client haut de gamme, que du blabla. Ils n'en ont absolument rien à faire de leurs clients. En ça, ils ressemblent maintenant à 99% des distributeurs avec un service téléphonique à l'étranger, des agents qui parlent un français parfois incompréhensible et un jenfoutisme royal. Du coup, j'ai résilié mon abonnement Darty Max. Ca ne va pas les ruiner mais c'est juste un geste de réaction que je peux avoir face à leur attitude.",Négatif,0.94,Négatif,Haute,SAV / service client,false,Avis négatif: employé insultant et suivi insuffisant.
1759,www.darty.com,33,MICHEL BILLARD,2,7 mai 2026,"Enorme déception - Je souhaite acheter un téléphone fixe sans fil avec répondeur.
Sur le site ""darty"" mon choix s'est porté sur un alcatel style vintage en blanc OU noir.
Je me suis rendu au magasin Belle Epine, le téléphone que j'ai choisi était bien dans sa boite en BLANC et en NOIR, j'ai demandé à un vendeur de voir l'appareil, la réponse a été .
""NON, on a pas le droit d'ouvrir les boites"", finalement vous achetez un produit en magasin sans pouvoir le voir................. GAG

Question à la direction DARTY
A quoi cela sert d'avoir un stock et ne pas présenter le produit aux clients. ???
Il ne faut pas être surpris de voir ces magasins en baisse de chiffre d'affaire et finalement mettre la clé sous le paillasson.
Dans mon cas, j'ai rendu la boite au vendeur et suis parti du magasin. 49,99€ de perdu.",Négatif,0.92,Négatif,Haute,Expérience magasin,false,Avis négatif: impossibilité de voir le produit et déception.
1760,www.darty.com,34,thierry,2,4 mai 2026,"un peu decu des conditions, si vous n etes pas la pour la livraison il vous facture 30 euro, super, je ne suis pas riche en fait, ca leur coute meme pas 5 euro d essence la livraison ,",Négatif,0.86,Négatif,Moyenne,Frais de livraison,false,Avis négatif: frais de livraison jugés abusifs.
1761,www.darty.com,35,Mel IRL,2,2 mai 2026,"Ninja Sizzle Grill reconditionné hors d'usage - Commande d’un Ninja Sizzle Grill reconditionné à bon prix chez Darty. Malheureusement, grosse déception à la réception : produit inutilisable, il manque une tige métallique sur la prise. Difficile de croire à un vrai contrôle avant revente…
En plus, aucune indication avant achat que ça venait du marketplace, et le vendeur est très mal noté.
Point positif : retour assez simple et remboursement rapide, c’est pour ça que je mets 2 ☆ et pas 0.
Première et dernière commande chez Darty, reconditionné ou non.",Négatif,0.9,Négatif,Haute,Produit reconditionné / marketplace,true,Avis négatif malgré retour possible: produit inutilisable et marketplace mal signalée.
1762,www.darty.com,36,yves dreyfus,2,24 avr. 2026,"Les têtes pensantes sont nulles - 2 grâce à la compétence et la compréhension des gens de terrain
Pour le reste nul
Le seul souci des sav téléphonique est que on donne un avis positif à notre entretien
Ce n'est pas de leur faute,les gens du haut qui on fait le déroulement de la conversation devrait se poser des questions,nos interlocuteurs sont totalement incompétent et récite ce que on leur a appris
Mettre du bicarbonate et du vinaigre blanc est une hérésie et ne peut en aucun cas réparé un lave linge ou vaisselle.
Darty vos techniciens de terrain vous sauvent mais vous ne les méritez pas",Négatif,0.92,Négatif,Moyenne,SAV téléphonique,true,Avis globalement négatif malgré personnes de terrain appréciées.
1763,www.darty.com,37,Cs,2,24 avr. 2026,"j'ai été très satisfaite de leurs services et de leur équipe pendant des années
cependant, le service n est plus le même depuis quelques temps et la qualité a beaucoup baissé
le gérant de la boutique où je me rends est très désagréable et pas commerçant du tout
je paie un abonnement darty max, mais ne suis pas couverte la plupart du temps!
assez décevant en général",Négatif,0.86,Négatif,Haute,Qualité de service,true,Avis négatif: service en baisse malgré satisfaction passée.
1764,www.darty.com,38,MLEL,2,21 avr. 2026,"Darty bons pour vendre mais attention au SAV ! - Au vue des commentaires concernant l'enseigne Darty et ceux de sont SAV, je constate qu'ils sont à priori bons pour vendre, mais quand il s'agit d'assurer un service client de qualité il n'y à plus personne !
Les clients sont uniquement un portefeuille, qu'ils soient ensuite satisfaits ou non de leurs achats, on s'en moque et plus aucune considération pour eux ? Bravo Darty !!!",Négatif,0.88,Négatif,Haute,SAV,false,Avis négatif: bon pour vendre mais SAV critiqué.
1765,www.darty.com,39,Colette Bouchage,2,17 avr. 2026,"Prix élevé par rapport à installation. - Vu le prix que l'on paye pour l'installation : 139€ pour réfrigérateur, la moindre des choses c'est de nettoyer un peu le hall d'entrée avant de partir. Il est stipuler dans le détail du prix.",Négatif,0.85,Négatif,Moyenne,Installation / prix,false,Avis négatif: installation jugée chère et incomplète.
1766,www.darty.com,40,D D,2,15 avr. 2026,"Darty modifie unilatéralement la date de livraison... la veille. J'avais pris mes dispositions, mais impossible de contacter Darty, c'est le chatbot qui répond, d'ailleurs à côté de la question... J'en conclus que le service au client n'est plus inclus dans la chartre darty et que l'enseigne ne se démarque pas des enseignes en ligne de discount ou GAFA. Autant dans ce cas aller au moins cher. C'est ce que je vais faire à l'avenir.",Négatif,0.91,Négatif,Haute,Livraison / service client,false,Avis négatif: date changée et contact impossible.
1767,www.darty.com,41,Emmanuel Lafont,2,14 avr. 2026,La couleur du téléphone est pas la même que celle de la photo honor x8a arrive couleur bleu très foncé voir noir,Négatif,0.93,Négatif,Haute,Produit non conforme,false,Avis négatif: couleur différente de la photo.
1768,www.darty.com,42,Jacques POLYCARPE,2,Actualisé le 17 avr. 2026,"Installation ubuesque - Après la livraison et l'installation d'un four encastrable, je reçois un bon de livraison indiquant:
""Non mis en service/ installation électrique non conforme,défaut de fixation prise au mur et branchement non effectué""

Or:
- l''installation électrique vient d'être refaite par un professionnel agréé.
- le cache de la prise a été cassé par "" le technicien ""Darty, ainsi qu'un cube de liaison
- après avoir fait signer le bon de livraison, le "" technicien"" a enfin réussi à effectuer le branchement en ayant enfin trouvé un cube de remplacement !

Bref le technicien Darty a effectivement branché le four en contradiction totale avec les infos reçues sur le bon de livraison reçu par mail.

Est ce une pratique courante d'indiquer de fausses infos ? Pour masquer une installation bâclée ?

Ayant une machine à laver à acheter ,je pense que je ne me risquerai pas une nouvelle fois à faire appel à Darty.

Expérience consternante.

En complément,un aspirateur qui devait m'être livré le 11 avant 18h en point relais ne l'a toujours pas été. Et depuis une semaine,aucune info transmise .Sur le compte client, aucune info non plus...",Négatif,0.94,Négatif,Haute,Installation,false,Avis négatif: installation et compte-rendu contestés.
1769,www.darty.com,43,Eléna Vilensy,2,10 avr. 2026,"Je déconseille la reprise des appareils - Suite à l’achat d’un ordinateur portable, j’ai opté pour leur option de reprise de mon ancien laptop avec Darty reprise seconde vie Greendid. Mon pc s’est avéré être dans un état différent que ce que j’avais affirmé je m’attendais donc à une contre-offre. Celle ci a été faite je l’ai acceptée, j’ai suivi la procédure de création de compte sur Mangopay, confirmé mon IBAN et depuis… rien. Cela fait plus de 20 jours, j’ai relancé par mail pour avoir une réponse écrite rapidement qui me disait s’excuser pour le délai inhabituel et faisait au plus vite. 1 semaine plus tard toujours rien et plus aucune réponse aux mails demandant le renvoi de mon ordinateur puisque je ne suis pas payée. J’attends encore un peu et vais tenter d’appeler le service client Darty mais sinon je saisirai le service de médiation et signalerai sur la DGCCRS.",Négatif,0.93,Négatif,Haute,Reprise / remboursement,false,Avis négatif: reprise d’appareil et paiement bloqués.
1770,www.darty.com,44,Alain GALLARDO,2,Actualisé le 30 mars 2026,"Mini four / Four posable Roller Grill TQ 380 I TURBO COOKING à 449.99€.
Commande
N°1504708322 / 9910402920053 du 21/02/2026
------------------------------------------------------------
Très satisfait des 2 livreurs ainsi que du Mini Four qui est super! J'aurai mis cinq étoiles mais.... Il n'y avait pas le livre de recettes dans le colis ? Pourtant, celui-ci est affiché dans les éléments inclus ??? voir texte affiché:
-------------------------------------------------
""Fournis :
L’appareil est fournis avec un plat lèchefrites émaillé, une broche, deux grilles et un livre de recettes réalisées par un Chef cuisiner.""
-------------------------------------------------
Réponse de Darty le Lundi 30/03/26
""Suite à votre demande, nous vous informons que vous pouvez retrouver plusieurs recettes directement dans la notice du produit, à partir de la page 18.""
(si je comprend bien, je peux m'assoir dessus !!!).J'ai donc reçu une réponse par email et SMS avec IMPOSSIBILITE de leur répondre !! Merci Darty pour votre offre trompeuse! Malheureusement, cela ne m'étonne pas de leur part car il y a quelques temps mon épouse et moi faisions un tour chez Darty ""Nice"" sans idée particulière et nous nous sommes fait accostés de façon très soutenu par un vendeur qui a réussi à nous vendre un produit... qui est tombé en panne 15 jours après. Je leur ai téléphoné et il ne se sont pas du tout intéressé à mon problème en me répondant de nous adresser au fournisseur car en gros, ce n'était pas leur problème!!! Franchement, je n'apprécie pas du tout cette façon dont le client est traité. Je suis conscient que ce qui intéresse Darty c'est de ""VENDRE"" mais en suite, on ne connait plus les clients. Je ne sais pas si j'achèterai encore chez eux? Je suis pour acheter Français mais les étrangers font mieux que Darty pour leur clients. Continuez ainsi et, ne venez pas pleurer lors de votre fermeture!",Négatif,0.94,Neutre,Moyenne,Produit incomplet,true,"Avis très mitigé: produit et livreurs appréciés, mais élément inclus manquant."
1771,www.darty.com,45,Sylvie A.,2,26 mars 2026,"Achat effectué en ligne. Pas livrée par Darty. Installation rapide, SAUF QUE il s'avère qu'il y ait une fuite d'arrivée d'eau. Pour appeler le service après vente, il faut téléphoner au prix de 40 centimes la minute. Un expert doit passer. Franchement à fuir",Négatif,0.89,Négatif,Haute,Livraison / SAV,false,Avis négatif: fuite après installation et SAV payant.
1772,www.darty.com,46,Mat Sandorf,2,25 mars 2026,Refus de rectification d'une facture - Téléphone acheté en ligne avec une adresse de facturation erronée. Refusent d'établir une rectification à la facture comportant une erreur dans l'adresse de facturation alors que c'est une obligation légale.,Négatif,0.88,Négatif,Haute,Facturation,false,Avis négatif: refus de rectification de facture.
1773,www.darty.com,47,Stasse Michel,2,18 mars 2026,L achat très bien mais livraison nul appareil mal protégé et le papier bulle qui protégeait à peine la télé resté au milieu de la salle à manger darty cormontreuil ma proposé un geste commercial et après non car soit disant que c étais au livreur de dédommager en plus livraison étais prévue pour le 19 février et non î décide le 24 fevrier pas contente du tout le prochain achat chez un concurrent nous aurons un meilleur service,Négatif,0.9,Négatif,Haute,Livraison,true,Avis négatif: achat correct mais livraison et geste commercial décevants.
1774,www.darty.com,52,Bastien de Montgolfier,3,14 mai 2026,Aspirateur acheter en promo directement en magasin et les conseils plus que moyen. Donc mon aspirateur aspire pas convenablement. Je suis déçu de mon achat !,Négatif,0.53,Négatif,Haute,Produit décevant,false,Avis négatif: produit jugé peu performant et achat décevant.
1775,www.darty.com,53,fod touti,3,13 mai 2026,"Je vous souhaite de tomber sur le bon vendeur, si non vérifier. - Je me suis présenté une première fois pour une promotion, le vendeur n’a pas rempli les documents correctement du coup il à fallu que repasse pour bénéficier de le promo (-400€ quand même). Cette promo était à appliquer plus tard sur un autre produit qui a augmenté puisque 15js plus tard et la on me dit «  si vous l’aviez réservé la première fois, vous auriez bénéficiez du meilleur prix.) c’est ballot 😖",Neutre,0.61,Négatif,Moyenne,Promotion / vente,false,Avis plutôt négatif: documents mal remplis et promotion perdue.
1776,www.darty.com,54,LECLERCQ Andre,3,27 avr. 2026,"Bon Accueil et très bon conseils du vendeur darty le pontet
Par contre zero pour les installateurs a la limite de l'incompétence lave vaisselle mal installé
Chantier laissé sale
Changez de sous traitant",Neutre,0.59,Négatif,Moyenne,Installation,true,"Avis mitigé mais négatif: accueil bon, installation très mauvaise."
1777,www.darty.com,55,Cergy,3,21 avr. 2026,"cette entreprise a perdu de sa qualité, avant j'y faisais mes achats les yeux fermés , depuis ces dernieres années, j'ai regulierement des deceptions (je n'y vais plus maintenant d'ailleurs). En plus, il faut faire une evaluation de ce qu'on achéte dans les 1res semaines apres c'est trop tard car on n'a plus acces à l'avis...autant dire que leurs evaluations (sur leur site) sont biaisées...",Neutre,0.59,Négatif,Haute,Qualité de service,false,Avis négatif: qualité perçue en baisse et évaluations jugées biaisées.
1778,www.darty.com,56,Arnaud Neveu,3,21 avr. 2026,Mauvais service - Les produits ont une qualité prix assez bonne mais les vendeurs m'ont dit que mon téléphone était compatible avec un chargeur sans-fil alors que non....j'avais recu un chargeur sans-fil de ma fille unique et je n'ai pas pu l'utiliser...je sjis très déçu...,Négatif,0.5,Négatif,Haute,Mauvais conseil,false,Avis négatif: conseil erroné et produit incompatible.
1779,www.darty.com,57,Louisa Leriad,3,3 avr. 2026,Bonjour je suis aller à une invitation Darty tourville j’étais en caisse puisque j ai fait des achats le jour d’une soirée privé le jeudi 2 avril un responsable a demander a remettre un cadeau à un autre client se jour la il en a u même 2 sous mes yeux et a aucun moment ils me l’ont proposé étant une grande cliente Darty je les très mal pris pourquoi des privilèges ne sont pas pour tout le monde et le faire ouvertement en tant que commerçante j’ai pas du tout apprécié que ont me le propose pas voilà c’était important que je le signale je ne retournerai plus à tourville la rivière sauf pour récupérer ma commande,Neutre,0.62,Négatif,Moyenne,Traitement client,false,Avis négatif: privilège client perçu comme injuste.
1780,www.darty.com,58,Perez,3,28 mars 2026,Bon magasin en général - Lieu où l'on trouve un peu de tout . Les prix ne sont pas toujours les plus intéressants mais il y a de bons produits. La plupart des Darty sont propres ce serait bien qu'ils le soient tous ( et un peu plus moderne peut être ),Neutre,0.82,Positif,Moyenne,Avis général magasin,true,Avis globalement positif: bon magasin et bons produits malgré réserves.
1781,www.darty.com,59,Stef,3,23 mars 2026,"Le magasin le Mans - ok, même si les vendeurs bisness - bon.
Mais pour ce qui est d'internet une plaie , pas joignable, demande de devis sur le site DartyPRO non fonctionnel, demande d'infos depuis FB ,pas de réponse ; C'est catastrophique . Je vais devoir faire 60klm pour obtenir un simple devis ,serieux!!! Stef",Neutre,0.54,Négatif,Haute,Service internet,true,Avis négatif: magasin acceptable mais service internet catastrophique.
1782,www.darty.com,60,Mireille Mousnier,3,3 mars 2026,"J’ai acheté une cuisine chez Darty et dans l’ensemble, j’étais assez satisfaite, mais des erreurs notamment sur le plan de travail dont j’ai parlé à la vendeuse et qui pour compenser à proposer le remboursement des mélangeurs. Ça fait maintenant plus de six mois que la cuisine est posée et je suis encore en pourparlers avec son chef pour le remboursement de ses robinets, et je suis comme Soeur Anne je ne vois rien venir.
Alors là le contrat de confiance, il est complètement rompu !
Ces gens-là vous donnent leurs paroles et la reprennent quand ils en ont besoin !
Je déconseille complètement ce magasin puisqu’on ne peut pas leur faire confiance.",Négatif,0.5,Négatif,Haute,Remboursement / cuisine,true,Avis négatif: satisfaction initiale mais remboursement attendu depuis longtemps.
1783,www.darty.com,61,Jean-Christophe Bénesse,3,28 févr. 2026,"Bonjour,
Je n'ai aucuns soucis avec votre enseigne, en revanche, je trouve ce produit (Sacs aspirateur) trop onéreux !",Neutre,0.5,Neutre,Moyenne,Prix produit,true,Avis neutre: enseigne sans souci mais produit jugé trop cher.
1784,www.darty.com,62,bob,3,27 févr. 2026,"Baisse de la qualité du service.
Pendant longtemps la qualité du service justifiait des prix plus élevés que les 'pure players' internet.
Mais cette époque est révolue.
J'ai souhaité contacter le service client : plus d’être humain au téléphone...
Seulement du chat ou des réponses standards de chatbots.
Autant commander sur Amazo*",Neutre,0.58,Négatif,Haute,Service client,false,Avis négatif: baisse de qualité et service client inaccessible.
1785,www.darty.com,63,Nina Géré,3,17 févr. 2026,"J’ai commandé un réfrigérateur Samsung et une machine à laver LG. Il n’y a aucun problème sur ces deux produits au top, mais j’ai pris la livraison + installation : les livreurs ont directement branchés le réfrigérateur ce qui m’a semblé étrange mais je ne connais pas les conditions de transport donc je ne peux rien affirmer. En revanche la machine à laver a été installé très rapidement à mon goût : ma voisine du dessous a commencé à avoir des grosses fuites d’eau qui venaient d’une mauvaise installation du lave linge ! Le plombier a dû passer derrière et maintenant je suis considérée en faute pour la fuite d’eau et j’ai de gros soucis…",Négatif,0.5,Négatif,Haute,Installation / dégâts,true,Avis négatif: produits appréciés mais installation cause des dégâts.
1786,www.darty.com,64,faty boutchiche,3,14 févr. 2026,SAV CATA - Les vendeurs ont été gentils mais du côté SAV accueil glacial aucune communication si je ne posais pas de questions j'avais clairement l'air de l'ennuyer,Neutre,0.57,Négatif,Moyenne,SAV,true,Avis plutôt négatif: vendeurs gentils mais SAV jugé catastrophique.
1787,www.darty.com,65,Ang.G,3,12 févr. 2026,"Mauvaise expérience et mauvaise information presque une arnaque - Nous avons acheté un frigo en boutique Darty le 18/01/26 de marque Samsung, et une fois placer chez nous, nous attendons 1-2j avant de l'allumer (jusque-là rien d'anormal) mais une fois que nous l'avons allumé une forte odeur de gaz à commencer à se dissiper dans la pièce, et un mal de tête horrible commence à apparaître. Par conséquent, on déconnecte tout et on retourne au magasin. (Le compresseur était mal soudé et une fuite avait donc eu lieu). Je ne comprends pas comment il est possible de nous vendre un appareil comme celui-ci. Déjà que nous y mettons le prix, en plus, il n'est même pas en bon état de fonctionnement. Mais bon, nous avons fait une réclamation, pour pouvoir l'échanger, au final tout c'est bien déroulé pour l'échange, mais à ma grande surprise la garantie ne semble pas se remettre à zéro (c'est pourtant bien indiqué dans leurs conditions de garantie). Lors de la récupération d'un frigo ou d'un appareil neuf la garantie est censé se remettre à zéro à l'obtention de l'autre appareil qui pour ma part a été retiré le 31/01/26 donc logiquement la garantie devrait dater du 31 et non du 18, on m'a informé de vive voix par une employée de Darty à Coulommiers que ça devrait se mettre à jour, mais pas du tout ! Et en plus de ça, le nouvel appareil me paraît encore douteux, il sentait mauvais pendant 2 jours (odeur chimique sûrement la colle) et de temps à autre, il fait des bruits étranges, j'espère que ça ira et qu'il tiendra... C'est mon 4e frigo en l'espace de 2 ans, j'espère qu'il tiendra à lui tout seul au moins 2 ans, car on ne peut plus se permettre d'acheter des frigos... Pour le moment nous faisons avec car on en à marre de faire des réclamations. Avec un peu de chance c'est juste qu'une impression et qu'il n'y a pas vraiment de soucis",Négatif,0.52,Négatif,Haute,Produit / information,false,Avis négatif: mauvaise information et forte mauvaise expérience.
1788,www.darty.com,66,Patrick,3,Actualisé le 11 févr. 2026,"Inadmissible : j'achète un ampli NAD le 4 février, il tombe en panne le 8. Darty refuse l'échange à neuf (loi L217-9) et m'impose un délai au 6 mars ! Est-ce ainsi que vous traitez vos clients fidèles ?
A la décharge de Darty, je dois dire qu'ils ont procédé aujourd'hui au remboursement du produit défectueux. N'empêche qu'ils devraient reconsidérer le fonctionnement du contact SAV car visiblement, les opérateurs ont peu de latitude pour prendre des décisions ce qui mène à des quiproquos.",Négatif,0.54,Négatif,Moyenne,SAV / remboursement,true,Avis négatif malgré remboursement: parcours SAV jugé inadmissible.
1789,www.darty.com,67,Roland,3,8 févr. 2026,"Dégât chez le client lors d'une livraison - 08/02/2026. Je suis très satisfait de l'accueil et des conseils d'achat reçus par la vendeuse du magasin de Chalon sur Saône, qui a pris en charge ma commande, mais pas de la livraison de mon réfrigérateur, qui a occasionné un dégât sur le parquet en bois de mon appartement.
En effet, les livreurs ont glissé l'appareil sur le parquet en bois pour aller le mettre en place dans la cuisine, mais n'avaient pas prévu de protection pour protéger le sol. Ils m'ont alors demandé de leur fournir un vieux drap qu'ils ont placé sous l'appareil, mais cela n'a pu éviter le dégât. Constatant les marques profondes laissées dans le bois par le déplacement du frigo (et photo du dégât prise par eux) les livreurs m'ont dit: ""Faites établir un devis de réparation et envoyez-le au Service Livraison Darty, on vous remboursera""...! Je me suis renseigné, mais aucun artisan ne se déplacera pour réparer ce dégât. J'ai donc voulu contacter le Service Livraison mais Il est très difficile de pouvoir joindre quelqu'un dans les différents services DARTY. Au téléphone, aucun des chiffres proposés (faites le 1 puis le 2, et enfin le 4, etc..) ne correspond à ma demande. Voilà donc mon parquet abîmé, malheureusement à un endroit très visible, et je ne peux rien faire. J'espère que DARTY lira ce message et retrouvera ma commande dont j'ai laissé la référence, pour me proposer une solution amiable. Merci. Cordialement. MD",Négatif,0.55,Négatif,Haute,Livraison / dégâts,true,Avis négatif: bons conseils en magasin mais livraison abîme le parquet.
1790,www.darty.com,68,cliente,3,6 févr. 2026,Le service après-vente serait peut-être à revoir...,Neutre,0.54,Neutre,Faible,SAV,false,Avis trop court et peu explicite: SAV peut-être à revoir.
1791,www.darty.com,69,Espérance CERCEAU,3,29 janv. 2026,"Colis non livré a domicile a la date prévue - Le 8 janvier, j'ai commandé sur votre site internet , un Robot Pâtissier destiné à ma fille demeurant dans la région parisienne. La livraison qui était gratuite (je suis abonnée à Darty Max)devait être effectuée par Chronopost en date du 10 janvier 2026 pour l'anniversaire de ma fille.
Effectivement elle a reçu un SMS de la part de chronopost l'avisant que sa commande devait lui être livrée le 10 janvier 2026 entre 13h30 et 15h. Pas de livraison effectuée ce jour là......J'ai contacté votre service clientèle en expliquant ce fait. Le chargé de clientèle m'a dit que cet incident ne concernait pas Darty, mais Chronopost ; charge à moi de voir directement avec eux ; à priori je suis cliente de Darty, mais pas de Chronopost en quoi dois je moi même régler ce problème ?????? J'avais également signalé que ma fille demeurant à Nanterre et travaillant à Paris Montparnasse aurait quelques difficultés pour réceptionner son ""cadeau"" chez elle au gré et envie du transporteur. Le lundi 12 au matin elle a reçu un SMS de Chronopost lui disant que son colis lui serait livré le même jour entre 13h 15h........Afin de le réceptionner elle a pris une après midi. A l'heure dite coup de téléphone du livreur lui disant qu'il ne voit pas le numéro de l'appartement, après explication détaillée pour situer l'endroit, ma fille est descendue afin de réceptionner son colis.... plus de chauffeur.......perte d'une après midi, et.....pas de colis !!!! Ensuite le colis a été déposé dans un relais assez distant du domicile de ma fille, qui a du aller le récupérer par ses propres moyens (le 17 janvier) (comme beaucoup de parisien elle n'a pas de véhicule personnel). Je signale que le colis était assez encombrant et assez lourd et pour pouvoir le ramener chez elle elle a du prendre un taxi!!!! pour la gratuité de la livraison on repassera par là.Je ne remercierai pas votre service clientèle qui sur ce point n'a pas été très efficace, d'autant plus que j'avais tout expliqué au téléphone et que j'ai du me contenter de la réponse suivante ""désolé nous ne pouvons rien faire contactez Chronopost "". En fait je devais moi même faire leur travail.",Négatif,0.5,Négatif,Haute,Livraison non effectuée,false,Avis négatif: colis non livré à la date prévue.
1792,www.darty.com,70,Nicole Agaisse,3,16 janv. 2026,J'apprécie darty depuis très longtemps jamais déçue,Négatif,0.5,Positif,Haute,Avis positif historique,false,Avis positif explicite: apprécie Darty depuis longtemps et jamais déçue.
1793,www.darty.com,71,Vaas65,3,13 janv. 2026,"Pas de financement+ de 20 fois frais - Site bien fait, un large choix de produits.
Nouveau magasins, les vendeuses et vendeurs sont top.
Par contre en 2026 avec la conjoncture actuelle auquel tout augmente, il n'est pas normal de ne pas proposer du 24 fois SANS FRAIS. À titre d'exemple, un bon téléviseur Oled à plus de 1700€, comment le financer ? Sachant que je ne veux pas de financement avec frais ? Ben y a pas.",Neutre,0.71,Neutre,Moyenne,Financement,true,"Avis mitigé: site et vendeurs appréciés, financement critiqué."
1794,www.darty.com,76,Yannick Gauther,4,ll y a 3 jours,"Bon conseil en magasin, livraison parfaite",Positif,0.74,Positif,Haute,Conseil / livraison,false,Avis positif: bon conseil et livraison parfaite.
1795,www.darty.com,77,Vincent,4,ll y a 5 jours,"Bon rapport qualité / prix - Très bon conseil au moment de l'achat en magasin.
Machine à laver proposant l'essentiel à un prix raisonnable.",Positif,0.85,Positif,Haute,Conseil / rapport qualité prix,false,Avis positif: bon conseil et prix raisonnable.
1796,www.darty.com,78,FRANCIS Prades,4,ll y a 7 jours,interêt de la clientèle - C'est intéressant de s'intéresser à ce que pense votre clientèle,Positif,0.73,Neutre,Faible,Avis méta,false,Avis peu exploitable: commentaire sur l’intérêt de demander l’avis client.
1797,www.darty.com,79,Narb,4,11 mai 2026,"J'ai acheté 2 clim au lieu d'une pour une meilleure répartition du froid dans l'ensemble cuisine salon de 38 m2; auparavant une seule mais plus puissante dans la cuisine mais très (trop) bruyante , pour le moment pas encore utilisées mais raccordées et testées en attendant les grosses chaleurs. J'espère gagner en confort acoustique et thermique ;-)",Positif,0.61,Neutre,Faible,Produit non encore évalué,true,Avis peu exploitable: produit testé mais bénéfice encore attendu.
1798,www.darty.com,80,Marc,4,10 mai 2026,"Lave-vaisselle livré le 4 Mai. Livraison ok, livreurs débordés, on a fait un « do-it-yourself » pour le branchement. Ancien lave-vaisselle repris par livreur Darty le 9 mai. Du coup, on a pas encore eu vraiment de profiter de notre lave-vaisselle Beko.",Positif,0.65,Positif,Moyenne,Livraison,true,Avis positif modéré: livraison ok malgré installation bricolée et usage encore limité.
1799,www.darty.com,81,FRANCK FRETEL,4,10 mai 2026,Personnel compétent,Positif,0.81,Positif,Haute,Personnel,false,Avis positif court: personnel compétent.
1800,www.darty.com,82,Dominique Bancelin,4,7 mai 2026,"RAS concernant Darty, peut être aurions nous pu être mieux conseillés ! le lave vaisselle AEG Lift n'est pas notre meilleur achat loin de là ! et concernant les livreurs ils ne font pas trop d'efforts ! s'ils peuvent vous laisser vous débrouiller pour l'installation ils ne s'en privent pas, et comme tous les livreurs quelques soient le site marchant, ils sont toujours pressés !",Positif,0.66,Neutre,Moyenne,Conseil / livraison,true,"Avis mitigé: rien contre Darty mais conseil, produit et livraison critiqués."
1801,www.darty.com,83,Dom,4,5 mai 2026,"VivoBook S5506WA-MA054W Copilot+ AMD Ryzen 9 32G - J'ai été bien conseillé, mais si on veut une réduction, il faut prendre Darty Max.
C'est mon 1er PC avec un écran OLED, je ne suis pas déçu, malgré les reflets en journée; en orientant l'écran on peut les éviter. Bonnes performances et la batterie a une grande autonomie. Il y a pas mal de changement avec Windows 11, mais pas gênant si on connait bien Windows 10. L'antivirus McAfee est installé, mais il faut payer au bout d'un mois. Je l'ai désinstallé.",Positif,0.55,Positif,Haute,Conseil / produit,true,Avis positif: bien conseillé et pas déçu malgré petites réserves.
1802,www.darty.com,84,Guy PETIT,4,3 mai 2026,SAV efficace et sympathique; conseiller de vente compétent,Positif,0.85,Positif,Haute,SAV / conseil,false,Avis positif: SAV efficace et conseiller compétent.
1803,www.darty.com,85,GASTALDI denis,4,3 mai 2026,Bien conseillé par le vendeur,Positif,0.8,Positif,Haute,Conseil,false,Avis positif: bien conseillé par le vendeur.
1804,www.darty.com,86,philippe guillemin,4,3 mai 2026,Bons vendeurs. Peu de stock,Positif,0.76,Positif,Moyenne,Vente magasin,true,Avis positif avec réserve: bons vendeurs mais peu de stock.
1805,www.darty.com,87,Test,4,1 mai 2026,"Le site est super clair et fluide. Je le recommande , je n´hésiter pas a recommander",Positif,0.86,Positif,Haute,Site web,false,"Avis positif: site clair, fluide et recommandé."
1806,www.darty.com,88,Bénédicte,4,26 avr. 2026,"bon produit ,a voir dans le temps - livraison rapide. livreurs sympathiques mais qui on eu du mal à installer et m'ont induit en erreur pour la pose de la porte( deco) du lave vaisselle . Il fallait que le lave vaisselle soit sorti et non encastré avant de mettre la porte. Ce qui m'a fait perdre pas mal de temps.",Positif,0.75,Positif,Moyenne,Produit / livraison,true,Avis globalement positif malgré difficulté d’installation.
1807,www.darty.com,89,Yvon,4,22 avr. 2026,service efficace - Mon ancien réfrigérateur ne refroidissait plus assez son contenu et se déclenchait très souvent. Grâce à Darty j'ai pu faire l'acquisition d'un nouveau à un prix modeste qui est efficace et simple d'utilisation. La livraison a été rapide et j'ai également apprécié que l'ancien ait pu être repris.,Positif,0.85,Positif,Haute,Service / livraison,false,"Avis positif: service efficace, prix modeste et livraison rapide."
1808,www.darty.com,90,eric macdoud,4,20 avr. 2026,"conseil: bien vérifier que sur le bon de livraison apparait le nombre d'appareils ménagers a retirer de chez vous, les vendeurs vous certifie que les livreurs peuvent reprendre jusqu'à trois appareils de chez vous si vous le souhaitez. c'était le cas, nous avions un vieux frigo et pensions que les livreurs l'embarqueraient comme promis a la vente, mais non généralement ils n'ont pas la place pour reprendre tout les appareils, j'en ai parlé au chauffeur et il a appelé le service livraison en lui disant que nous avions ce frigo prêt a être retiré du coup ils ont reprogrammé une livraison 3 jours après, ils ont sorti le frigo dehors comme ça pas besoin d'être sur place et 3 jours après ils sont repassés le chercher, j'ai trouvé ça cool, donc a vérifier sur le bon de livraison qu'il y a bien plusieurs appareils ménagers a reprendre, sur mon bon il n'y avait que la reprise de l'ancienne machine a laver mais les livreurs ont été très cool, j'ai apprécié, merci a eux...10/10",Positif,0.62,Neutre,Moyenne,Reprise appareils,true,Avis mitigé: avertissement sur reprise non garantie malgré note positive.
1809,www.darty.com,91,Luc CABY,4,20 avr. 2026,Très bien pour le service,Positif,0.84,Positif,Haute,Service,false,Avis positif: très bien pour le service.
1810,www.darty.com,92,Topnotch,4,17 avr. 2026,bon service doublé d'un avantage Deezer,Positif,0.78,Positif,Haute,Service,false,Avis positif: bon service et avantage apprécié.
1811,www.darty.com,93,andre Issenmann,4,17 avr. 2026,"C’est un robot complet, la fonction deporté du rouleau et de la brosse fonctionne très bien. L’IA permet un nettoyage variable suivant l’état des sol.",Positif,0.82,Positif,Haute,Produit,false,Avis positif: robot complet et fonctions efficaces.
1812,www.darty.com,94,Quentin Aubert,4,13 avr. 2026,"Tres bien, bon achat",Positif,0.88,Positif,Haute,Achat,false,Avis positif: très bon achat.
1813,www.darty.com,95,brigitte Beau,4,13 avr. 2026,"produit correct, livraison à améliorer - J'ai, au moment de la commande choisi un créneau de livraison parmi ceux qui étaient proposés. Une fois le paiement fait ce créneau a été modifié par Darty sans mon accord . Ce dernier créneau n'a pas été respecté non plus donc il y a amélioration évidente à prévoir sur ce point.",Positif,0.6,Neutre,Moyenne,Livraison,true,Avis mitigé: produit correct mais livraison à améliorer.
1814,www.darty.com,100,Olivier Bacouel,5,Il y a 6 heures,"Excellent accueil a Gif sur Yvette, équipe fort compétente qui m'a trouvé l'article que je cherchais en appelant différents autres sites. Merci a eux !!",Positif,0.88,Positif,Haute,Accueil / disponibilité,false,Avis positif: excellent accueil et aide efficace.
1815,www.darty.com,101,Michel CANAL,5,Il y a 6 heures,"Commandé pour être livré au magasin Darty choisi, le Kärcher nettoyeur vapeur SC3 est l'accessoire idéal pour un appartement, facile d'emploi et de rangement.",Positif,0.82,Positif,Haute,Produit / livraison magasin,false,Avis positif: produit adapté et livraison en magasin.
1816,www.darty.com,102,Stéphanie,5,Il y a 9 heures,"Galaxy Buds PRO 3 - Grâce à Darty Max j'ai pu avoir de nouveaux écouteurs à moindre coût
Très bien, service impeccable, soigneux et attentif. Je recommande !",Positif,0.93,Positif,Haute,Service,false,Avis positif: service impeccable et recommandé.
1817,www.darty.com,103,BINATÉ,5,Il y a 10 heures,"Je suis très contente de mon achat chez Darty, le vendeur a été attentif et à l’écoute. Il m’a bien expliqué et accompagner. Je le recommande.",Positif,0.95,Positif,Haute,Conseil,false,"Avis positif: vendeur attentif, à l’écoute et recommandation."
1818,www.darty.com,104,Gedeon Mayanga,5,Il y a un jour,"La qualité d’image c’est incroyable, je vous conseille d’acheter cet article. Sigma 24-70",Positif,0.85,Positif,Haute,Produit,false,Avis positif: qualité d’image conseillée.
1819,www.darty.com,105,Martine Wie-Chen,5,Il y a un jour,Livraison rapide avec suivi au relais près de chez moi. Je donne 5 étoiles pas 1 de moins,Positif,0.86,Positif,Haute,Livraison,false,Avis positif: livraison rapide et suivi.
1820,www.darty.com,106,Marie Christ,5,ll y a 2 jours,"Bon accueil, bien conseillé par des vendeurs patients et très professionnels,",Positif,0.92,Positif,Haute,Accueil / conseil,false,Avis positif: bon accueil et vendeurs professionnels.
1821,www.darty.com,107,Marine,5,ll y a 2 jours,"Rapide, bon service en magasin",Positif,0.92,Positif,Haute,Service,false,Avis positif: rapidité et bon service en magasin.
1822,www.darty.com,108,Nico Gar,5,ll y a 2 jours,Fluidité et professionnalisme,Positif,0.9,Positif,Haute,Professionnalisme,false,Avis positif: fluidité et professionnalisme.
1823,www.darty.com,109,MICHEL LANGLOIS,5,ll y a 2 jours,"Large choix de produits, de nombreuses marques sont proposées.
La livraison est très bien programmées, le service est de qualité, le personnel est agréable est très professionnel.",Positif,0.88,Positif,Haute,Choix / livraison,false,"Avis positif: choix, livraison et personnel de qualité."
1824,www.darty.com,110,Sara Couture,5,ll y a 2 jours,"service darty au rdv , je recommande",Positif,0.92,Positif,Haute,Service,false,Avis positif: service au rendez-vous et recommandation.
1825,www.darty.com,111,GUFFROY jean Michel,5,ll y a 3 jours,Équipe très professionnelle et disponible et réactive…. Remerciements particuliers pour Enzo de Somain,Positif,0.9,Positif,Haute,Équipe,false,"Avis positif: équipe professionnelle, disponible et réactive."
1826,www.darty.com,112,Sandra,5,ll y a 3 jours,Très satisfaite. Commande du lave linge passée le matin et livraison faite le lendemain matin. Livreurs au top.,Positif,0.9,Positif,Haute,Livraison,false,Avis positif: très satisfaite et livreurs au top.
1827,www.darty.com,113,Benjamin A.,5,ll y a 3 jours,"BASILISK V3 au top - Déjà, je mentionne que mon premier achat était défectueux... le clic gauche ne fonctionnait pas au déballage :( - Retour dès le lendemain en magasin : Je remercie le technicien chez Darty Carcassonne pour son efficacité (et la chance qu'il en reste 2 dans le rayon). Après test de la nouvelle souris qui fonctionnait, j'ai pu repartir avec pour enfin l'utiliser sur mon pc !
Je ne suis pas fan des lumières et des trucs qui clignotent mais j'avoue que le vert sur ce noir est magnifique ! Bien sûr, il y a toutes les couleurs possible et inimaginable. Configuration assez simple avec les bons logiciels de chez Razer. Je n'ai pas encore testé sous Linux mais vu qu'il est possible d'enregistrer des profils sur un autre pc et qu'ils sont en mémoire de la souris, cela est juste un détail pour moi. Je me suis créé 2 profil pour le moment. Je trouve la forme adaptée à ma main. J'ai eu un peu de mal avec la rapidité du capteur et le fait de cliquer double ... En effet, le capteur prend tellement de fois le mouvement de la souris à la seconde qu'un simple double clic se transforme en un cliquer - glisser avec le micro mouvement que cela peut impliquer. Le mieux est de réduire la vitesse du capteur ^^ Le bouton poussoir permet de fixer une vitesse réduite (400 dpi d'origine). On maintient ce bouton et la souris devient lente. Cela peut être un coup à prendre pour être plus précis dans les FPS ;) Je conseille cette souris car très réactive, très sobre, et si le filaire ne vous gène pas. Pour le prix payé, le fil ne me gène pas du tout... je trouve abusé les tarifs des souris sans fil gaming.",Négatif,0.66,Positif,Haute,Problème résolu,true,Avis positif: premier produit défectueux mais échange efficace et satisfaction finale.
1828,www.darty.com,114,Serge Baude,5,ll y a 3 jours,Bons conseils / ecoute des clients / service apres vente remarquable,Positif,0.87,Positif,Haute,Conseil / SAV,false,Avis positif: bons conseils et SAV remarquable.
1829,www.darty.com,115,Dominique Bréard,5,ll y a 4 jours,"Vendeuse au top - Je cherchais un robot pour ma cuisine afin de remplacer le mien qui avait rendu l'âme et la vendeuse a tout à fait répondu à mes attentes en me proposant le Magimix mini plus me donne toute satisfaction, encore mieux que mon ancien matériel.",Positif,0.88,Positif,Haute,Conseil / produit,false,Avis positif: vendeuse répond aux attentes et produit satisfaisant.
1830,www.darty.com,116,Emmanuelle Robin,5,ll y a 4 jours,"Sensation Lait EA912HF1 Gris anthracite + kit entretien - J'ai acheté cette machine KRUPS plutôt que la Delonghi au même prix car c'est français. Je suis absolument ravie de cet achat. Elle est très facile d'utilisation. Les boissons sont terribles et le nettoyage d'une simplicité enfantine. Tout se fait tout seul. En plus, il y a des produits vendus dedans pour l'entretien et le nettoyage de la machine.
Je suis tombée sur un vendeur très sympathique. Il a bien essayé de me vendre des produits en plus, mais, en même temps, c'est son job ! Il a su répondre à toutes mes questions et était très professionnel.
Le choix de café chez DARTY était limité. Si vous le pouvez acheter votre café en grande surface avant ! Le prix est cher comparé aux grandes surfaces, mais ça a le mérite d'être là pour pouvoir se servir de la machine directement en rentrant à la maison.",Positif,0.83,Positif,Haute,Produit,false,Avis positif: achat ravissant et utilisation facile.
1831,www.darty.com,117,Emmanuel,5,ll y a 4 jours,"Je souhaitais un lave-linge le plus silencieux possible, le modèle suggéré par le vendeur rejoint cette attente.",Positif,0.8,Positif,Haute,Conseil produit,false,Avis positif: modèle conseillé conforme à l’attente.
1832,www.darty.com,118,Patrick,5,ll y a 4 jours,"J'ai commandé un réfrigérateur qui me donne entière satisfaction : faible consommation, pas de bruit, froid excellent.
J'ai été très bien conseillé par Darty et la livraison : PARFAITE, je recommande sans hésiter. Un autre point fort et l'extension de garantie proposée 5 ans + 2 en cas de problème.",Positif,0.86,Positif,Haute,Conseil / livraison,false,"Avis positif: entière satisfaction, livraison parfaite et recommandation."
1833,www.darty.com,119,Lamarque Jérôme,5,ll y a 5 jours,l'équipe de Meaux est toujours agréable et serviable.,Positif,0.9,Positif,Haute,Équipe,false,Avis positif: équipe agréable et serviable.
